Phrases,Paraphrases
the car is expensive,the car is expensive
the car is expensive,the elevator car is expensive
the car is expensive,the railway car is expensive
the car is expensive,the railroad car is expensive
the car is expensive,the auto is expensive
the car is expensive,the cable car is expensive
the car is expensive,the automobile is expensive
the car is expensive,the car make up expensive
the car is expensive,the elevator car make up expensive
the car is expensive,the railway car make up expensive
the car is expensive,the railroad car make up expensive
the car is expensive,the auto make up expensive
the car is expensive,the cable car make up expensive
the car is expensive,the automobile make up expensive
how to book a ticket,how to book a ticket
how to book a ticket,how to book a just the ticket
What are the benefits of using HSBC Bank internet banking?,What are the benefits of using HSBC Bank internet banking?
What are the benefits of using HSBC Bank internet banking?,What constitute the benefits of using HSBC Bank internet banking?
What are the benefits of using HSBC Bank internet banking?,What represent the benefits of using HSBC Bank internet banking?
What are the benefits of using HSBC Bank internet banking?,What exist the benefits of using HSBC Bank internet banking?
What are the benefits of using HSBC Bank internet banking?,What make up the benefits of using HSBC Bank internet banking?
What are the benefits of using HSBC Bank internet banking?,What comprise the benefits of using HSBC Bank internet banking?
What are the benefits of using HSBC Bank internet banking?,What are the welfare of using HSBC Bank internet banking?
What are the benefits of using HSBC Bank internet banking?,What constitute the welfare of using HSBC Bank internet banking?
What are the benefits of using HSBC Bank internet banking?,What represent the welfare of using HSBC Bank internet banking?
What are the benefits of using HSBC Bank internet banking?,What exist the welfare of using HSBC Bank internet banking?
What are the benefits of using HSBC Bank internet banking?,What make up the welfare of using HSBC Bank internet banking?
What are the benefits of using HSBC Bank internet banking?,What comprise the welfare of using HSBC Bank internet banking?
What are the benefits of using HSBC Bank internet banking?,What are the benefits of employ HSBC Bank internet banking?
What are the benefits of using HSBC Bank internet banking?,What constitute the benefits of employ HSBC Bank internet banking?
What are the benefits of using HSBC Bank internet banking?,What represent the benefits of employ HSBC Bank internet banking?
What are the benefits of using HSBC Bank internet banking?,What exist the benefits of employ HSBC Bank internet banking?
What are the benefits of using HSBC Bank internet banking?,What make up the benefits of employ HSBC Bank internet banking?
What are the benefits of using HSBC Bank internet banking?,What comprise the benefits of employ HSBC Bank internet banking?
What are the benefits of using HSBC Bank internet banking?,What are the welfare of employ HSBC Bank internet banking?
What are the benefits of using HSBC Bank internet banking?,What constitute the welfare of employ HSBC Bank internet banking?
What are the benefits of using HSBC Bank internet banking?,What represent the welfare of employ HSBC Bank internet banking?
What are the benefits of using HSBC Bank internet banking?,What exist the welfare of employ HSBC Bank internet banking?
What are the benefits of using HSBC Bank internet banking?,What make up the welfare of employ HSBC Bank internet banking?
What are the benefits of using HSBC Bank internet banking?,What comprise the welfare of employ HSBC Bank internet banking?
What are the benefits of using HSBC Bank internet banking?,What are the benefits of utilize HSBC Bank internet banking?
What are the benefits of using HSBC Bank internet banking?,What constitute the benefits of utilize HSBC Bank internet banking?
What are the benefits of using HSBC Bank internet banking?,What represent the benefits of utilize HSBC Bank internet banking?
What are the benefits of using HSBC Bank internet banking?,What exist the benefits of utilize HSBC Bank internet banking?
What are the benefits of using HSBC Bank internet banking?,What make up the benefits of utilize HSBC Bank internet banking?
What are the benefits of using HSBC Bank internet banking?,What comprise the benefits of utilize HSBC Bank internet banking?
What are the benefits of using HSBC Bank internet banking?,What are the welfare of utilize HSBC Bank internet banking?
What are the benefits of using HSBC Bank internet banking?,What constitute the welfare of utilize HSBC Bank internet banking?
What are the benefits of using HSBC Bank internet banking?,What represent the welfare of utilize HSBC Bank internet banking?
What are the benefits of using HSBC Bank internet banking?,What exist the welfare of utilize HSBC Bank internet banking?
What are the benefits of using HSBC Bank internet banking?,What make up the welfare of utilize HSBC Bank internet banking?
What are the benefits of using HSBC Bank internet banking?,What comprise the welfare of utilize HSBC Bank internet banking?
What are the benefits of using HSBC Bank internet banking?,What are the benefits of apply HSBC Bank internet banking?
What are the benefits of using HSBC Bank internet banking?,What constitute the benefits of apply HSBC Bank internet banking?
What are the benefits of using HSBC Bank internet banking?,What represent the benefits of apply HSBC Bank internet banking?
What are the benefits of using HSBC Bank internet banking?,What exist the benefits of apply HSBC Bank internet banking?
What are the benefits of using HSBC Bank internet banking?,What make up the benefits of apply HSBC Bank internet banking?
What are the benefits of using HSBC Bank internet banking?,What comprise the benefits of apply HSBC Bank internet banking?
What are the benefits of using HSBC Bank internet banking?,What are the welfare of apply HSBC Bank internet banking?
What are the benefits of using HSBC Bank internet banking?,What constitute the welfare of apply HSBC Bank internet banking?
What are the benefits of using HSBC Bank internet banking?,What represent the welfare of apply HSBC Bank internet banking?
What are the benefits of using HSBC Bank internet banking?,What exist the welfare of apply HSBC Bank internet banking?
What are the benefits of using HSBC Bank internet banking?,What make up the welfare of apply HSBC Bank internet banking?
What are the benefits of using HSBC Bank internet banking?,What comprise the welfare of apply HSBC Bank internet banking?
What are the benefits of using HSBC Bank internet banking?,What are the benefits of using HSBC Bank cyberspace banking?
What are the benefits of using HSBC Bank internet banking?,What constitute the benefits of using HSBC Bank cyberspace banking?
What are the benefits of using HSBC Bank internet banking?,What represent the benefits of using HSBC Bank cyberspace banking?
What are the benefits of using HSBC Bank internet banking?,What exist the benefits of using HSBC Bank cyberspace banking?
What are the benefits of using HSBC Bank internet banking?,What make up the benefits of using HSBC Bank cyberspace banking?
What are the benefits of using HSBC Bank internet banking?,What comprise the benefits of using HSBC Bank cyberspace banking?
What are the benefits of using HSBC Bank internet banking?,What are the welfare of using HSBC Bank cyberspace banking?
What are the benefits of using HSBC Bank internet banking?,What constitute the welfare of using HSBC Bank cyberspace banking?
What are the benefits of using HSBC Bank internet banking?,What represent the welfare of using HSBC Bank cyberspace banking?
What are the benefits of using HSBC Bank internet banking?,What exist the welfare of using HSBC Bank cyberspace banking?
What are the benefits of using HSBC Bank internet banking?,What make up the welfare of using HSBC Bank cyberspace banking?
What are the benefits of using HSBC Bank internet banking?,What comprise the welfare of using HSBC Bank cyberspace banking?
What are the benefits of using HSBC Bank internet banking?,What are the benefits of employ HSBC Bank cyberspace banking?
What are the benefits of using HSBC Bank internet banking?,What constitute the benefits of employ HSBC Bank cyberspace banking?
What are the benefits of using HSBC Bank internet banking?,What represent the benefits of employ HSBC Bank cyberspace banking?
What are the benefits of using HSBC Bank internet banking?,What exist the benefits of employ HSBC Bank cyberspace banking?
What are the benefits of using HSBC Bank internet banking?,What make up the benefits of employ HSBC Bank cyberspace banking?
What are the benefits of using HSBC Bank internet banking?,What comprise the benefits of employ HSBC Bank cyberspace banking?
What are the benefits of using HSBC Bank internet banking?,What are the welfare of employ HSBC Bank cyberspace banking?
What are the benefits of using HSBC Bank internet banking?,What constitute the welfare of employ HSBC Bank cyberspace banking?
What are the benefits of using HSBC Bank internet banking?,What represent the welfare of employ HSBC Bank cyberspace banking?
What are the benefits of using HSBC Bank internet banking?,What exist the welfare of employ HSBC Bank cyberspace banking?
What are the benefits of using HSBC Bank internet banking?,What make up the welfare of employ HSBC Bank cyberspace banking?
What are the benefits of using HSBC Bank internet banking?,What comprise the welfare of employ HSBC Bank cyberspace banking?
What are the benefits of using HSBC Bank internet banking?,What are the benefits of utilize HSBC Bank cyberspace banking?
What are the benefits of using HSBC Bank internet banking?,What constitute the benefits of utilize HSBC Bank cyberspace banking?
What are the benefits of using HSBC Bank internet banking?,What represent the benefits of utilize HSBC Bank cyberspace banking?
What are the benefits of using HSBC Bank internet banking?,What exist the benefits of utilize HSBC Bank cyberspace banking?
What are the benefits of using HSBC Bank internet banking?,What make up the benefits of utilize HSBC Bank cyberspace banking?
What are the benefits of using HSBC Bank internet banking?,What comprise the benefits of utilize HSBC Bank cyberspace banking?
What are the benefits of using HSBC Bank internet banking?,What are the welfare of utilize HSBC Bank cyberspace banking?
What are the benefits of using HSBC Bank internet banking?,What constitute the welfare of utilize HSBC Bank cyberspace banking?
What are the benefits of using HSBC Bank internet banking?,What represent the welfare of utilize HSBC Bank cyberspace banking?
What are the benefits of using HSBC Bank internet banking?,What exist the welfare of utilize HSBC Bank cyberspace banking?
What are the benefits of using HSBC Bank internet banking?,What make up the welfare of utilize HSBC Bank cyberspace banking?
What are the benefits of using HSBC Bank internet banking?,What comprise the welfare of utilize HSBC Bank cyberspace banking?
What are the benefits of using HSBC Bank internet banking?,What are the benefits of apply HSBC Bank cyberspace banking?
What are the benefits of using HSBC Bank internet banking?,What constitute the benefits of apply HSBC Bank cyberspace banking?
What are the benefits of using HSBC Bank internet banking?,What represent the benefits of apply HSBC Bank cyberspace banking?
What are the benefits of using HSBC Bank internet banking?,What exist the benefits of apply HSBC Bank cyberspace banking?
What are the benefits of using HSBC Bank internet banking?,What make up the benefits of apply HSBC Bank cyberspace banking?
What are the benefits of using HSBC Bank internet banking?,What comprise the benefits of apply HSBC Bank cyberspace banking?
What are the benefits of using HSBC Bank internet banking?,What are the welfare of apply HSBC Bank cyberspace banking?
What are the benefits of using HSBC Bank internet banking?,What constitute the welfare of apply HSBC Bank cyberspace banking?
What are the benefits of using HSBC Bank internet banking?,What represent the welfare of apply HSBC Bank cyberspace banking?
What are the benefits of using HSBC Bank internet banking?,What exist the welfare of apply HSBC Bank cyberspace banking?
What are the benefits of using HSBC Bank internet banking?,What make up the welfare of apply HSBC Bank cyberspace banking?
What are the benefits of using HSBC Bank internet banking?,What comprise the welfare of apply HSBC Bank cyberspace banking?
What is the daily transaction limit?,What is the daily transaction limit?
What is the daily transaction limit?,What make up the daily transaction limit?
What is the daily transaction limit?,What is the everyday transaction limit?
What is the daily transaction limit?,What make up the everyday transaction limit?
What is the daily transaction limit?,What is the day-to-day transaction limit?
What is the daily transaction limit?,What make up the day-to-day transaction limit?
What is the daily transaction limit?,What is the day-by-day transaction limit?
What is the daily transaction limit?,What make up the day-by-day transaction limit?
What is the daily transaction limit?,What is the day-after-day transaction limit?
What is the daily transaction limit?,What make up the day-after-day transaction limit?
What is the daily transaction limit?,What is the daily dealings limit?
What is the daily transaction limit?,What make up the daily dealings limit?
What is the daily transaction limit?,What is the everyday dealings limit?
What is the daily transaction limit?,What make up the everyday dealings limit?
What is the daily transaction limit?,What is the day-to-day dealings limit?
What is the daily transaction limit?,What make up the day-to-day dealings limit?
What is the daily transaction limit?,What is the day-by-day dealings limit?
What is the daily transaction limit?,What make up the day-by-day dealings limit?
What is the daily transaction limit?,What is the day-after-day dealings limit?
What is the daily transaction limit?,What make up the day-after-day dealings limit?
What is the daily transaction limit?,What is the daily transaction point of accumulation?
What is the daily transaction limit?,What make up the daily transaction point of accumulation?
What is the daily transaction limit?,What is the everyday transaction point of accumulation?
What is the daily transaction limit?,What make up the everyday transaction point of accumulation?
What is the daily transaction limit?,What is the day-to-day transaction point of accumulation?
What is the daily transaction limit?,What make up the day-to-day transaction point of accumulation?
What is the daily transaction limit?,What is the day-by-day transaction point of accumulation?
What is the daily transaction limit?,What make up the day-by-day transaction point of accumulation?
What is the daily transaction limit?,What is the day-after-day transaction point of accumulation?
What is the daily transaction limit?,What make up the day-after-day transaction point of accumulation?
What is the daily transaction limit?,What is the daily dealings point of accumulation?
What is the daily transaction limit?,What make up the daily dealings point of accumulation?
What is the daily transaction limit?,What is the everyday dealings point of accumulation?
What is the daily transaction limit?,What make up the everyday dealings point of accumulation?
What is the daily transaction limit?,What is the day-to-day dealings point of accumulation?
What is the daily transaction limit?,What make up the day-to-day dealings point of accumulation?
What is the daily transaction limit?,What is the day-by-day dealings point of accumulation?
What is the daily transaction limit?,What make up the day-by-day dealings point of accumulation?
What is the daily transaction limit?,What is the day-after-day dealings point of accumulation?
What is the daily transaction limit?,What make up the day-after-day dealings point of accumulation?
What is the daily transaction limit?,What is the daily transaction limit point?
What is the daily transaction limit?,What make up the daily transaction limit point?
What is the daily transaction limit?,What is the everyday transaction limit point?
What is the daily transaction limit?,What make up the everyday transaction limit point?
What is the daily transaction limit?,What is the day-to-day transaction limit point?
What is the daily transaction limit?,What make up the day-to-day transaction limit point?
What is the daily transaction limit?,What is the day-by-day transaction limit point?
What is the daily transaction limit?,What make up the day-by-day transaction limit point?
What is the daily transaction limit?,What is the day-after-day transaction limit point?
What is the daily transaction limit?,What make up the day-after-day transaction limit point?
What is the daily transaction limit?,What is the daily dealings limit point?
What is the daily transaction limit?,What make up the daily dealings limit point?
What is the daily transaction limit?,What is the everyday dealings limit point?
What is the daily transaction limit?,What make up the everyday dealings limit point?
What is the daily transaction limit?,What is the day-to-day dealings limit point?
What is the daily transaction limit?,What make up the day-to-day dealings limit point?
What is the daily transaction limit?,What is the day-by-day dealings limit point?
What is the daily transaction limit?,What make up the day-by-day dealings limit point?
What is the daily transaction limit?,What is the day-after-day dealings limit point?
What is the daily transaction limit?,What make up the day-after-day dealings limit point?
What is the daily transaction limit?,What is the daily transaction limitation?
What is the daily transaction limit?,What make up the daily transaction limitation?
What is the daily transaction limit?,What is the everyday transaction limitation?
What is the daily transaction limit?,What make up the everyday transaction limitation?
What is the daily transaction limit?,What is the day-to-day transaction limitation?
What is the daily transaction limit?,What make up the day-to-day transaction limitation?
What is the daily transaction limit?,What is the day-by-day transaction limitation?
What is the daily transaction limit?,What make up the day-by-day transaction limitation?
What is the daily transaction limit?,What is the day-after-day transaction limitation?
What is the daily transaction limit?,What make up the day-after-day transaction limitation?
What is the daily transaction limit?,What is the daily dealings limitation?
What is the daily transaction limit?,What make up the daily dealings limitation?
What is the daily transaction limit?,What is the everyday dealings limitation?
What is the daily transaction limit?,What make up the everyday dealings limitation?
What is the daily transaction limit?,What is the day-to-day dealings limitation?
What is the daily transaction limit?,What make up the day-to-day dealings limitation?
What is the daily transaction limit?,What is the day-by-day dealings limitation?
What is the daily transaction limit?,What make up the day-by-day dealings limitation?
What is the daily transaction limit?,What is the day-after-day dealings limitation?
What is the daily transaction limit?,What make up the day-after-day dealings limitation?
What is an IFSC code?,What is an IFSC code?
What is an IFSC code?,What make up an IFSC code?
What is an IFSC code?,What is an IFSC computer code?
What is an IFSC code?,What make up an IFSC computer code?
